Reviews,sentiment
كان لي تجربه اكثر من راءعه اليوم في هذا الفرع و الخدمه المقدمه من قبلهم كانت في غايه الروعه الاستاذه ضي و الاستاذ حسين انتم قدوه لشباب الوطن الشغوف اتمناء لكم المزيد من التوفيق والنجاح و شكرا,positive
اسوء خدمه شركه اتصالات علي المستوي العربي كله مو بس السعودي من اول يوم وفيه مشاكل بالنت ولي مايقارب شهور وانا شكوي تلوي الشكوي دون فاءده اهدار للوقت والجهد وعدم احترام للعميل لا يوجد مصداقيه ولا تواصل للاسف اسواء قرار ندمت عليه الا هذه المزيد,negative
اشكر الموظفه ضيء علي تعاملها ورقيها وخدمتها لي بشكل يليق في شركه زين حيث انها مثال للموظف الذي يصلح ان يمثل الشركه وسمعت الشركه انصح بالتعامل مع الموظفه,positive
اسوا نت في العالم عانيت مليون مرررررا منهم رفعت شكاوي مافيه فايده والموظفه ضي ماخدمتني صرفتني لا خدمه ولا نت نجمه كثير عليهم,negative
الفرع جدا ممتاز واشكر الاخوات الموظفات علي رحابتهم وتعاملهم الراقي والسريع,positive
ما انصح احد يطلع من ذي الشركه شبكه النت والتصال من يومه تعباااااانه ورديءه من زمان ولاعمرهم تطورو وكل ما رفعت شكوي يقفلونه من غير حق عشان ماتصدر بعدها لهيءه التصلات المزيد,negative
الشباب في الفرع قمه في التعامل الشركه سيءه جدا من ناحيه التغطيه في الدمام ما انصح بها انتظر انتهاء العقود وبحول علي مشغل ثاني,negative
تواصل ضعيف من قبل الموظفه تركيز الموظفه مو معي ضعف في المعلومات لدي الموظف المزيد,negative
ممتاز والموظفه اسلوبها جدا راقي وسلسه في التعامل,positive
بطء جدا جدا جدا الخبره تكاد شبه معدومه,negative
مافيه الا موظفين ثنين بس وعشواءيه بالمكان بس الموظفين يسوون اللي يقدرون عليه علشان يخدمونك,positive
الموظفين ممتازين ولا فيه تاخير,positive
الموظفه الاسمها ضي قمه الادب والاحترام والرقي,positive
محل خدمات رين الزين فيه ما كان فيه احد,positive
حطيت النجمه عشان اعلق حسبي الله عليك يالموظف ضاع وقتي كله وهو مبرد علي واحد بس والفرع مافيه الا موظف و الموظف قاعد علي واحد له ساعه كامله,negative
فرع سيء للاسف بطيءين جدا في العمل ويتعبون الواحد رحت لهم ابي اخذ شريحه بيانات قالوا السستم عطلان علي هالخدمه وبياخذ وقت طويل ورحت لهم بيوم ثاني قال نفس الكلام المزيد,negative
اشكر جميع الموظفين في الشركه وخصوصا الدمام فرع حي الريان لما لمسته من تعامل راقي وسرعه في انجاز العمل تحياتي لكم وبصحه وسلامه,positive
موظفين اثنين في الفرع واحد يخدم والثاني متكي وحاط رجل ع رجل,negative
التغطيه للشبكه سيءه جدا مقارنه ب اس تي سي ولكن سعر الخدمات رخيص ولكن لايوجد فاءده اذا كان لايوجد تغطيه,negative
مكتوب الفرع مفتوح في الصبح وجيت حصلته مقفل,neutral
تعاملهم راقي والموظفين خدومين جدا,negative
تعامل الموظفين سء جدا بفرع الريان جدا جدا وليس فيهم اي مرونه,negative
لا يوجد به اجهزه موطفين بطيءين وخدمه سيءه معلومات خاطءه,negative
حسبي الله علي من سوا الموقع عليه من الله ما يستحق,negative
مافي محل هنا حسبي الله علي اللي سوا الموقع,negative
ممتاز جدا اشكر الموضفين علي حسن الاخلاق والتعاون,positive
غني عن التعريف لاتعليق,positive
تم نقله,positive
مافي شي,negative
ممتاز,positive
مضلل لا يوجد محلات زين هنا,negative
لا يوجد محل زين في هذا المكان,negative
لا يوجد محل زين هنا يوجد مبني سكني هنا,neutral
لا يوجد متجر هنا,neutral
جميل,positive
غير موجود,negative
راءع,positive
الفرع بالدمام شارع الملك خالد به طاقم عمل مميز ويقدمون خدماتهم بشكل دوري راءع ولديهم رحابه صدر عاليه للعملاء,positive
مكان مرتب و نظيف جدا و استقبال الموظفين غايه في الروعه والجمال و مكانه مميز,positive
شركه ذات خدمه وتعامل رديءه جدا لا يتجاوبون معك علي الاطلاق,negative
فرع ممتاز استقبال الموظف كان ممتاز ماعليه زحمه,positive
كنت جاي زعلان بصراحه لكن اشكر الاخ احمد السالم علي ابتسامته وتعاونه وسعت صدره واخلاقه الطيبه,positive
شركه اتصالات ممتازه و موقعها ممتاز يقدمون كل انواع الخدمات و فب وقت قياسي الخدمات و اخلاق الموظفين ممتازه,positive
اعتقد انها لم تبق سنوات اضافيه بسبب سوء جوده الخدمه و سوء جوده التشغيل اغلاقها سيكون حتمي في القريب ان لم تعمل اعاده هيكله فنيه تسويقيه و خدماتيه,negative
تعامل راقي وتعاون في محله فرع مميز اسال الله لهم التوفيق واخص بالشكر الاخ مشاري علي تعامله الراقي وجعل تجربتي مع زين تجربه اوصي بها وبشده,positive
تعامل الموظف احمد السالم ممتاز جدا,positive
شهاده يسالني عليها الله سبحانه و تعالي انا ندمت اني اشتركت في انترنت زين في الاعلان وفي الحقيقه ولا حتي المزيد,negative
ما شاء الله عليهم الموظفين محترمين جدا وفاهمين شغلهم خصوصا الاخ عبدالسلام,positive
الاثاث مكتبي جوده عاليه و السعر الافضل علي الاطلاف حلول الصوتيات و المرءيات قسم الديكورات و عوازل تقليل الضوضاء لقاعات الاحتفالات و دار عرض السينما,neutral
التقييم علي خدمه الواتساب التعبانه,negative
فرع سيء جدا وفيه موظف بياخد الفلوس وما بيسجلها وبينصب علي العملاء للاسف الشديد وقف جدمه الشريحه واخد ثمن الراوتر كاش وللاسف الشديد ما عطني سند وعطني سند بايقاف الخدمه في نفس الوقت اخد فيها المبلغ وللاسف الشديد بعدها لفتره جاني تعميم ومنع المزيد,negative
للاسف الشديد هذا الفرع فيه موظف حرامي ذهبت لايقاف خط البيانات وقال لازم تدفع ثمن الراوتر وفعلا دفعت كاش ليه جاني رساله بايقاف الخدمه ولاسف الشديد اخد الفلوس كاش ولم يسددها وبعد فتره جاني تعميم سنوات لاسف الشديد بيقولك ما معك سند ياكد المزيد,negative
جبت جهاز صيانه عندهم من يوم اليوم اروح عشان استلم الجهاز يقول انت جيبت استلمه وانا ما استلمت شي والسند عندي,neutral
لاباس ولكن احيانا يتم تصريفك خاصه اذا جيت تاخذ جهاز علي عرض الشركات اشهر علي شان احصل جهاز خدمه العملاء بالتيلفون يقولون موجود الجهاز ولكن لما اوصل الفرع يتم تصريفي بانه لايوجد اجهزه للشركات,neutral
والله سجلوني في فيبر نت بدون علمي حاولت اشتكي في كل المراكز بدون استجابه لماذا بما اني ما استخدمت ولا طلبت لماذ يتم مطالبتي في المبلغ لما لم يحاسبو الذي غلط في تسجيلي في الخدمه,negative
ممتاز جدا وقمه في الزوق,positive
اخذت من عندهم جوال علي نظام العقد انتبهوا من ايفون بلس لا تاخذونه لان خذيته وليس واي حاجه بالسوق,neutral
صار معي مشكله قدمت علي خط نت باقي يوم الي الان لم يتم ارجع المبلغ في حسابي علمنا ان الموظف حكي لي من ايام الي الله المستعان,negative
الفرع كان زحمه مو طبيعي الموظفين اللي عم يساعدو الناس اربعه من اصل سبعه تلت طاولات فاضيه دخلت كان رقمي ستميه و اربعه و ستين و كان رقم العميل يلي عم تتم خدمته خمسميه و اربعه و ستين قريب الميت رقم بدي استني تعامل الموظف كان راقي و محترم و المزيد,positive
عندي مشكله عندهم ولا احد عرف يحلها لا بالدمام ولا بالخفجي ما ادري شو السبب حتي مديرهم بالدمام قلي المشكله من عنا بس ما بيطلع بايدنا شي كموظفين ياريت احد يتواصل معي من ادارتهم,negative
الموظف بندر الخالدي انسان بصراحه ذوق جدا جيت له لتحويل الخط من مشغل الي مشغل اخر وجوالي فاصل شحن ومامعي انترنت ماشاء الله تبارك الله طلع خارج المحل يدور لي ع شاحن واعطاني انترنت من جواله والله احرجني بذوقه وكرمه برجاء تكريمه من مديره وايضا من شركه زين الله يجزاه الجنه يارب,positive
افضل موظف وخدمه سريعه وفاهم وتعامل راقي ونصوح سطام العتيبي شكرا لك,positive
سيءين للغايه للاسف طلب الغاء الخدمه متعب لكن الاشتراك سهل جدا سبب الالغاء هو عدم وجود تغطيه مناسبه كما كان موعد من ممثلين الشركه لا انصح بها ابدا,negative
كموظفين اخلاق رفيعه ولكن يحتاجون الي عدم تحويل العميل للتطبيق لرفع شكوي بحال تواجده بالمقر لديهم,neutral
شكرا للتعامل الممتاز لكن وجود موظف واحد في المكان و انتظارنا بره لين يخلص عميل ويقفل ويفتح مشكله اقلها لو في موظف معه المزيد,positive
للاسف من اسوء فروع تعامل سيء جدا,negative
الفرع صغير جدا فيه تقريبا مكاتب خدمه عملاء لكن الحق يقال سريعين وخدومين جدا وينصحونك بالعرض الممتاز,neutral
هذا الفرع لا يوجد فيه الا موظف واحد من اربعه موظفين وخدمتهم بطيءه وسيءه ولا ننصح به بطء الموظف سببه عدم الاحترافيه وقله التدريب وعدم الاهتمام,negative
النت بطيء جدا و يفصل كل يوم الفرع مفروض يفتح الساعه الصبح والحين صارت ونص وما فتح المحل لسه جيت اكنسل الاشتراك لان الشكاوي تنسحب عليها مافي امل من هالشركه,negative
التعامل باحترام وخدمه جيده,positive
اشتركت ال حق زين وسرعه المفروض مفتوحه بدن حد وقعت عقد لسنتين واعطوني راوتر للاسف الاشتراك هاذ سييء جدا بعد التجربه للاسف لانه السرعه سيءه جدا ولا ترقي ل واذا رحت الشركه تشتكي لا يوجد شيء ممكن تساوي غير انه يقلك افصل ال المزيد,negative
السلام عليكم ياليت تحطون رقم خدمه عملاء رقم حقيقي مانكون نتصل علي جني شريط مسجل يتكلم كثير كثير كثير كثير بدون فايده المزيد,neutral
فيه موظف نصحني نصيحه العمر و ممتاز الموظفين خدمتهم سريعه مره و ما يخليك تطلع الا و انت راضي سعيد اني باغير خدمتي الي زين,positive
الفرع صغير جدا لكن خلصنا الموظف بسرعه جزاه الله كل خير,positive
للاسف كان من افضل الفروع من حيث الخدمه والتعامل امان الان مرتين اروح لهم يتكلمو من راس خشومهم كاني داخل اشحذ منهم واطلع بدون اي خدمه,negative
خدمتهم ممتازه وخصوصا الاخ محمد الميرزا جدا خلوق وراق ف تعامله شكرا ميرزااا,positive
جدا ضعيف ماعندهم خبره يطلع شريحه اضافيه ويقول روح الفرع الرءيسي يفعلونها لك بديت افكر اطلع من الشركه هذي الحمدلله اني ما التزمت معاهم بعقود,negative
ضعف في تقديم الخدمه,negative
تعامل راقي وراءع ومن افضل شركات الاتصالات بالمملكه,positive
فرع خدماته سيءه والموظفين ما يعرفوا يجاوبو علي العملاء,negative
خدمتهم جدا سيءه هالفرع,negative
لا يستحق اي نجمه والسبب سوء الاداره,negative
موظف الفرع مستهتر وغير ملتزم بمواعيد ساعات العمل الان الساعه ظهرا والفرع مغلق اكثر من ساعه برغم اوقات العمل لهذا الفرع من صباحا لين ليلا,negative
اسلوب وتعامل راقي وسرعه بالانجاز اتمني لهم التوفيق,positive
الاسعار غاليه شويه ياريت يعملوا عروض كويسه وشكرا,positive
ممتاز وتعامل الموظفين ممتاز وراقي جدا,positive
شبكه ضعيفه مره بانها الشبكه تعمل معها سلام وريدبول والابراج لاتغطي الضغط,negative
ابطا شبكه ويفصل كثير لا تعلقو نفسكم بعقد سنوي معهم ابدا,negative
نصابين وليس لهم اي مصداقيه,negative
نتطلع الي مزيد من الخدمات الراقيه بكم,positive
فرع ممتاز بخدماته والموظفين في قمه الاحترام وبكامل الخبره التامه لانجاز المهام بوقت سريع انا سعيد بهم واشكرهم وبالاخص الموظف عبدالرحمن عادل,positive
جدا سيءه خدمتهم داءم السستم عطلان وكانه تصريفه,negative
كانت المعامله جميله جدا,positive
للاسف شركه زين ربما تطورت من ناحيه الشبكه والخدمات لكن للاسف خدمات العملاء في الفروع الصغيره في الاحياء خدمه العملاء قمه في الفشل والسبب يعود للموظفين حاليا هذا الفرع يوجد موظف واحد المزيد,negative
لا احب الاكل الاسيءي,negative
شكرا للموظفه الراءعه في الفتره المساءيه,positive
الشكر موصول للموظف علي ابوطالب في حل مشكلتي نفع الله به المسلمين,positive
مكان جيد والخدمه جيده,positive
خدمه عملاء ممتازه ماشاء الله عليهم,positive
السلام عليكم هل لكم فروع فاتحين الحين بالخبر او الظهران بوقت حظر التجوال هل خدمه العملاء موجودين في احد يرد علينا اسبوع كامل اجلس بالساعات اتصل ومايرد غير سريط بكلام كثييير مااستفدنا شيء وينكم ماتردون فصلتوا رقمي وابي ارجعه قبل المزيد,neutral
خدمه سيءه واسعار عاليه استبدال شريحه تالفه ب ريال علم ان الشركات المنافسه بعضها تقدمها مجان وبعضهم ب ريال,negative
الانتظار طويل والسبب النظام يعلق كنا يقول الموظف,negative
جيدين ومشكورين لحل المشكله ولكن الكول سنتر يبغله ترتيب من جديد,positive
ممتاز جدا,positive
مستوي راءع من الخدمه والاستقبال راءع والمساعده والتفاهم جميل جدا من الموظفين ومتعاونين لدرجه كبيره في تقديم الخدمه بسرعه والترحاب راءع منهم,positive
الخدمه ممتازه في هذا الفرع وحاب اشكر بشكل اخص الاخت اسراء خدمتني من اول زياره وحرصها علي انجاز طلبي والمتابعه حتي انهاءه,positive
تعاملت انا واختي مع الموظفه اسراء ماقصرت معانا ابد وساعدتني بمشكلتي وطلعت لي الجوال والخط باسرع وقت ممكن ونفس طيبه وبشوشه,positive
الموظفه محترمه و تعاملها جميل جدا رغم م كان في جوال الي ابيه بس حاولت تخدمني يعطيها العافيه,positive
اتعامل مع الموظفه اسراء بصراحه ماحد خدمني فالفروع كلها كثرها اي شي احتاجه تخدمني فيه باسرع وقت وافضل تعامل,positive
مشالله الخدمه سريعه والمكان الموظف الخالدي حسن خلق وسريع الخدمه ونصوح,positive
الموظف احمد بن عبدالله موظف ممتاز ولبق وخدوم والفرع جميل ومافيه زحمه جزاهم الله كل خير,positive
الموظفه اسراء ممتازه و احترافيه في التعامل مع العميل,positive
بصراحه ماكنت احب زين بس فيه موظفه الله يسعدها اسراء قمه التعامل والرقي ساعدتني وخصمت لي مديونيه وطلعت رقم وجهاز في ربع ساعه وحولت المشغل علي رقمي لزين للامانه عروضهم جباره وما تقارن,positive
شكرا للموظفه اسراء علي خدمتها ومتابعتها لتلبيه الطلبان بجوده و وقت ممتاز,positive
خدمه ممتازه و سريعه من الاخت اسراء يعطيها العافيه,positive
صراحه موظف خدوم ولبق ومحترم وينصح لفاءدتك شكرا شركه زين علي هاذا الطاقم,positive
اسراء التميز في زين ربي يوفقها وسريعه وخدومه,positive
انا اخالفك الراي سطام العتيبي انا عميل عنده رجال محترم ونصوح,positive
من اسواء الفروع,negative
فرع زين,neutral
طاقم عمل متعاون,neutral
متجر عظيم طاقم عمل جيد,positive
المواقف صغيره وضيقه,negative
خدمه لطيفه للغايه,positive
جيد,positive
خدمات سريعه ومتعاون نتمني لهم دوام التميز,positive
خدمه سيءه و اتمني من الشركه توحد الزي للفتيات مثل الشباب لان المناظر مزعجه للعين و ليست رسميه,negative
الموظف متعاون فعال انحز لي جميع الخدماتوبسرعه واتقان لكن شركه زين النت سء جدا واستخرجت بكاقه مسبقه الدفع واكتشفت انها مفوتر سددت المبلغ والغيت الخدمه لازال فاتوره الشهر الءي تم تسديده يرسل الس جوالي والحيد اني اخذت ورقه تثبت السداد والغاء الخدمه انتبهوا خذوا اثباتات,negative
ماشاءالله تبارك الرحمن متقدمه وخدمه راءعه ومتميزه,positive
اسلوب غير مهني ولا يقدرون يساعدوك باي خدمات وتاخير في خدمه العملاء وعن تجربه دقيقه حتي يجي رقمي مع العلم مافي غير زبون واحد ولا في زحمه نهاءي مع العلم فروع اخري تخدمك وتخدم باقي العملاء شكل اسرع,neutral
معامله واخلاق ممتازه ولا فيه زحمه الفرع,positive
تعامل جميل جدا اخذت من عندهم جهاز جديد مع شريحه واحب اشكر الاخ مشرف الفرع موسي علي اسلوبه الراقي,positive
مغلق من الساعه ليس كما هو مكتوب,negative
يوجد موظف اسمه صالح الرشيدي يفتقر لادني معايير اللباقه في الحديث والتسويق معلوماته ضعيفه من ناحيه تقديم الخدمات لم استفد من خدمات زين بسبب سوء اخلاقه ناهيك عن وساخه الفرع من ناحيه ارضيات وطاولات,negative
من افضل الفروع الي زرتها صراحه تعامل راقي من الموظف بدون اي رسميه يفهمك ويشرح لك بكل بساطه وبدون تعقيد الله يعطيهم العافيه هذا وانا جايه يوم جمعه يعني الناس ويكند وهو مداوم وفوق كذا خدوم وبشوش لله يسعدك,positive
الموظف متعب الشمري خدوم و سريع كل الشكر له,positive
الريحه كانها غنمه,negative
مثل ما ذكر غيري في التعليقات خدمه عملاء ما يحترمون العملاء نفس شينه وخدمه سيءه,negative
الموظفين متعاونين و سلسين في التعامل وفقهم الله,positive
خدماتهم ممتازه,positive
اسوء شركات اتصالات طلبت شريحه وما وصلتني ولا رجعو فلوسي وحتي موظفين خدمه العملاء تعاملهم من اسوء ما يكون ولا عرفو يحلون مشكلتي باختصار ما انصح احد يتعامل معهم,negative
للاسف خدمه عملاء يحتاجون تدريب اكثر في الامور الفنيه الاساسيه,negative
ممتازين جدا خاصه الدب ابو خدود ولحيه طيب ومحترم وفكاهي,positive
تعاملهم جدا راقي وخصوصا خدمات زين,positive
والله موظفين محترمين بكل امانه,positive
خدمه سيءه جدا جدا من الموظفين,negative
من افضل الفروع القريبه من ارامكو وخدماتهم جيده جدا,positive
وقت الانتظار طويل,negative
سيءين تخيلوا تجي ما تلقي موظف الصيانه ويقول انتظر دقيقه بيكون وصل بعد ما تنتظر ما يجي يقوم زميل له غير مختص بالصيانه يستلم الجهاز وبعدين يكلموني يقولوا جهازك ما يشمله الضمان طيب خلوا الموظف المختص يجلس علشان ما نقعد رايحين جايين زين اسوا مما تتوقع فرع الدمام شارع الملك خالد,negative
الله يقويكم فرع راقي جدا,positive
اسوء شبكه لا انصح بها شبكه ضعيفه جدا وبتفصل نت كتير والشريحه جايبها من شهرين وللان ماتفعلت ولا فعلوها ولا ردوا الفلوس حسبنا الله ونعم الوكيل,negative
جميل جدا,positive
اود ان اعرب عن خالص امتناني لشركه زين السعوديه كشك في الظهران مول علي خدماتهم المتميزه كان الموظفون في الكشك متعاونين للغايه ويقظين لقد كانت خبرتهم واستعدادهم لمساعدتي في استفساراتي واهتماماتي محل تقدير كبير ان الراحه التي يوفرها وجود المزيد,positive
لم اتمكن من العثور علي هذا الكشك هل فعلت,neutral
متعاونين بس للاسف الموظفين قللليييل بس ثنين علي فرع اكبر منهم,negative
السلام عليكم الرقم مفصول حاليا واحتاج ارجع رقمي صار اسبوع اتصل علي خدمه العملاء ومااحد يرد جميع الموظفون مشغولون الان اجلس بالساعات اتصل ومااحد يرد بس ابي ارجع رقمي الحين المزيد,neutral
اخذت جهاز و سالته قبل ادفع المبلغ هل الجهاز يكون عليه قفل جاوبني وقال اطلاقا وهذي شاءعه و غير موجوده في شركه زين ولما فتحت الجهاز اكتشفت ان عليه قفل الله لا يوفقه,negative
خدمات جيده جدا,positive
ساعات العمل من الي ومن الي الموظف لين وهو لسي ما داوم,negative
الموظفين محترمين,positive
فرع داخل مبني المدرا لموظفين ارامكو,neutral
شركه اتصالات سعوديه,positive
فاضي علي طول,negative
جيده,positive
اذا كنت تكره خدمات عروض شركه الاتصالات السعوديه وموبايلي فانت في المكان الصحيح,neutral
خدمه العملاء جيده افضل تغطيه في المنطقه,positive
اسوا خدمه عملاء,negative
مغلق من الساعه صباحا حتي الساعه ظهرا,neutral
خدمه العملاء جيده,positive
شبكه الهاتف المحمول ومزود الانترنت,neutral
خدمه بسيطه للغايه,positive
سيءه كالعاده,negative
الموقع ممتاز والموظفين اكفاء لكن خدمات الشبكه ضعيفه جدا في حي السلمانيه الاول قدمت بلاغات لدي شركه زين ولا مجيب وكان الردود عن طريق الرساءل بحل المشكله وتم تقديم شكوي لدي هيءه الاتصالات وتقنيه المعلومات ولا حل المشكله وتم الانتقال لمشغل اخر,negative
اقسم بالله شركه ممتازه وانا كنسلت الشريحه عدم احترام ربنا يهديك ياموظف زين كاونتر رقم بي الزاد فرع الهفوف الله لاعادك قدامي ان شاءلله لانو كرهتك ان شاءلله يكون في محاسبه ليك من قبل الشركه وربنا يهديك,negative
الموظف سالته عن ايفون تيتانيوم قال مو موجود بعدين سالني اذا بتدفع كاش بضبطك واجيبه لك هذا معناه ان الموظفين يحتكرون الاجهزه اللي عليها طلب ويبيعونها كاش,neutral
الانترنت سيء جدا جدا وتعامل الموضفين سيء جظا جدا جدا وخدمه ما بعد البيع سيءه وشركه تقييمي لها تحت الصفر للاسف وعند طلب الغاء الاشتراك قالو انت موقع عقد تدفع كامل المبلغ يعني تدفع حق سنه والنت سيء جدا وعند طلب تغيير المودم طلبو تجربته في المزيد,negative
تجربتي الشخصيه معهم سيءه جدا جدا جدا مشكلتي اني اشتركت معهم بانترنت جي ودفعت مبلغ وقدره واخرتها بدون مبالغه نت جوالي اسرع من ال حقهم نت جوالي من شركه ثانيه المزيد,negative
الشبكه ضعيفه جدا في كل مكان الاتصال يعلق بعض الاحيان خدمه العملاء سيءه تتصل عليه مايردون عليك واذا ردو مايعطونك حل,negative
الفرع الرءيسي لزين في المنطقه الفرع متوسط الحجم لكنه نوعا ما قديم و الخدمه بطيءه المزيد,negative
فرع زين الرءيسي وخدمه العملاء عندهم بطيءه جدا جدا منرفزه انتظرت لمده نص ساعه بالرغم من انه لا يوجد عملاء كثير تجربه سيءه,negative
الحقيقه كانت خدمه ممتازه واخلاق راقيه وتعامل جدا ممتاز من الموظف اللي في الفرع اول ماتدخل مكتب الموظف علي يسارك,positive
موقع الفرع والجو العام جدا ممتاز ولكن الملاحظ ان الموظفين منفسين داءما ولا يهتمون في الرد علي العملاء والوجوه متجهمه وتشعر ما تقرق معهم رضاء العميل من عدمه يحتاجون دورات في كسب العملاء,neutral
الموظفين جالسين بمكاتبهم محد يمشي الارقام ونصهم منحاش داخل,negative
تعتبر شركه جدا جميله ولها طابع خاص بين العملاء ولكن بصراحه مانشوف اي اهتمام للعملاء في هذا الوقت لاينظر لشكواك ولايتواصلون معك المزيد,positive
الجو العام جدا ممتاز وتعامل الموظف جدا راقي,positive
انتبهو فيهم حركه مش كويسه مثلا انت جاي بتلغي خط مفوتر او بينات تلقيهم تدفع المبلغ الي عليك يقولك خلاص ماعليك اي مبلغ لو طلبت منهم اخلاء طرف مايعطونك يقولك خلاص مورك طيبه وهذي ورقه فاتوره سداد المبلغ وبعد شهر شهرين سنه تلاقي شركه تحصيل المزيد,negative
فاااااشلين لسي الايفون نزل وثاني واحد يخش يقلك مافي الا اللون الازرق,negative
هناك بعض التفاصيل تفاجء بها تاكد من كل شء قبل الاجراء,neutral
اسوء نت دايما يفصل النت ويعطي بدون اتصال,negative
تغيرت سياسه الشركه بشكل صادم حيث كانت في بدايه انطلاقتها شركه عملاقه و ذو راس مال هو الاكبر في عالم الاتصالات بالمملكه وايضا تعامل موظفينها بشكل مثالي من الاستقبال و موظفين خدمات المستفدين و تقديم هدايا للزوار و ايضا انتشار فروعها بكل مكان المزيد,positive
تعامل سيء من الموظف ومظلل لبعض المزايا للباقات والاجهزه كلام غير واضح وبعد توقيع العقود اتضح لي الكثير من العيوب في الباقات التي لم يذكرها الموظف المزيد,negative
ذكرت شركه الاتصالات المتنقله السعوديه زين انه قد ورد في تقرير المراجع الخارجي نود لفت الانتباه للايضاح رقم و حول القواءم الماليه الاوليه تكبدت الشركه صافي خساره لفتره التسعه اشهر المنتهيه في سبتمبر ولديها عجز متراكم كما المزيد,negative
ممتاز واشكر الموظف نايف,positive
للاسف احبطت جدا من شركه زين بغيت اشتري ايفون برو ماكس ولي الان اسبوع رايح جاي مشوره مع العلم باني عميل قديم وعندي اعلي باقه ولي خصم خاص لكن مو راضين يوفرون لي الجوال ومايعطونك اي كلمه اكيده عن وقت توفر الجهاز يعني انت وحظك مافي ميزه لك حتي المزيد,negative
بسم الله والصلاه والسلام علي رسول الله تجارب سلبيه حيث تتضاعف الفواتير بشكل غير منطقي تاره يقال هناك شراء من تطبيق افلام وعندما اءكد عدم وجود ذلك واطالب بالغاءه يقولون خارج عن ارادتنا وتاره يدعون انه اشتراك في تطبيق العاب وعندما انكر المزيد,negative
كنت اشحن يعطيني جيجا ودلوقتي جيجا والشبكه صارت سيءه للغايه انا اخر اشتراك هذا الشهر,negative
انه جميل جدا واسعار مناسبه وكل شي فيه جميل زوروه ماراح تندمو,positive
اول تعامل مع الشركه وللامانه تعامل راقي من الموظف والاهم من ذالك وماجذبني تفصيل جميع الخدمات المقدمه والالتزام المفروض علي العميل المزيد,positive
شركه فاشله بكل المقايسس الصرحه اجي عند الموظف اقول لها جهه بيتنا في ابراج يقول ايه و يوريني في الخريطه انا جهه بيتنا ابراج تمام ويوم شريتها الله وكيلك ابراج ونت زي الخراء ارجع للموظف يقول مالي شغل نصيحه لوجه الله ابعد عن ها الشركه الخايسه,negative
الاستقبال ممتاز من قبل الموظفين للعملاء وتقديم الخدمه بالانجاز السريع,positive
تري زين افضل سرعه داونلود في المملكه لكن سرعه الابلود تتفوق عليها فعلي حسب استعمالك و هي خدمه ممتازه في كل الاحوال,positive
خدمه جيده ولو انه صار موقف قدامي في تعامل موظف مع عميل مع انه العميل كان قليل ادب ولكن رده فعل الموظف كانت اوفر جدا,negative
تعامل الموظف جيد انتظرت طويلا لانه لايوجد الا موظف واحد,positive
تعامل راقي خدمه سريعه,positive
اشكر الاخ باقر الهلال علي خدمته السريعه والابتسامه الطيبه بالتوفيق,positive
مكتب يحاول موظفينه تقديم المساعده لك بكل ما يملكون قدره لايتضجرون برغم من صغر المساحه والحرص علي التباعد زرتهم ووجدت كل التعاون لهم كل الشكر والتقدير,positive
من افضل الفروع اللي احب اخلص اشغالي فيها هالفرع فيه موظف اسمه محمد بدر قمه بالاخلاق والتعامل شكرا من القلب,positive
في شب موظف كان موجود بعد صلاه الظهر ممتاز الله يعطيه العافيه,positive
المكان صغير جدا ولا يوجد غير موظف واحد وقنره الانتظار طويله,negative
تعامل كويس,positive
شركه غنيه عن التعريف في تقديم خدمات الاتصالات,positive
الموظفين متعاونين بطء في اداء الخدمه,negative
سيءه جد جد جد ولا انصح في استخدامها وكلامي من واقع تجربه لمده سنه وبالغصب كملت سنه لوجود عقد يحمل توقيعي عكس ما اتفق عليه,negative
جيد جدا والموظفين محترمين جدا ماشاء الله,positive
تعامل سيءه جدا وعنصريه في تعامل مع المقيم بس لو معك سعودي تعامل كويس مع اي مقيم لا تعامل سيءه جدا جدا جدا جدا جدا جدا جدا جدا جدا,negative
مصنع ممتاز ونظيف ويراعي فيه نظافه البيءه وخبره ممتازه في هذا المجال,positive
الاتصال يقول فيه اجهزه رحت الفرع قاا ل مافي شي منقطعه من فتره,neutral
بصراحه من افضل الموظفين في تعاملهم مع العميل,positive
خدمه ممتازه جدا من الموظف,positive
شركه جدا سيءه لي ايام مشترك في باقه والي الان ماتفعلت وكل ما كلمت احد من خدمه العملاء يقول بنحل المشكله خلال الساعات القادمه,negative
السلام عليكم مكتوب يفتح الصباح وجيت وربع ومغلق وعلي جوجل مكتوب مفتوح والسكورتي قال ما يفتحون لل و نصف علي القاءمين الاهتمام بالمصداقيه من اولها تفشلنا,negative
مكان جيد وخدمات جيده لكن يوجد موظف واحد والعملاء كثر ويفترض وجود موظف اخر ويوجد له مكان شاغر,neutral
شركه فاشل عنجد الفرع الذي في الهفوف الاحساء مول مغلق من قبل البلديه اكثر من شهر ونص يعني شركه كبير طويل عريض ما قدرو يعملو حل ويراجعو البلديه عشان يفتحو الفرع لعملاءهم سيء,negative
شركه متطوره وعروض منافسه ومتعدده واداء الموظفين ممتاز,positive
شركه مجتهده في تقديم الخدمه لكن ننتظر عمل اكثر تميز,positive
الموظفين قمه في الاخلاق وثانيا لايوجد زحمه,positive
متي دوامهم الرسمي توني رايح لهم مغلق المفروض توضحون اذا انتو مسكرين او فاتحين لا تمشورون خلق الله علي الفاضي خساره بانزين علي الفاضي,negative
افضل شبكه ولاكن نحتاج الي تغطيه اكثر في بعض الاماكن,positive
موظف محترم وعلي خلق وتمه معاملتي شكرا,positive
لاباس به ولكن موظف واحد لايكفي هناك بطء فيه انجاز المعاملات,positive
لايفوتكم اقوي نت جربته الي الان بالسعوديه,positive
مثلها مثل كل شركه اتصالات بواقين ومزعجيييببببن برسالءلهم التافهه,negative
لديهم احيانا عروض لكن التغطيه ماعجبتيني حولت منهم,neutral
خدمه راءعه ل العمييل,positive
اوصي بها وبشده افضل من الاتصالات الحراميه,negative
جيد تعاملهم ممتاز,positive
لاسف زين مكتب الاحساء مول مغلق من البلديه من فتره,negative
لسوء الحظ هذه الشركه بدات تفقد مصداقياتها,negative
كل الالوان يعني زين شكرا زين المزيد,positive
مازلت لاانصح بها لان التغطيه ضعيفه,negative
لايوجد احد بالقسم من بعد صلاه العشاء,neutral
شركه اتصالات زين بشكل عام ممتاز يقدم عروض كل فتره انا اشتركت بعرض شباب كان سعره قبل العرض وانا اشترك عرض ممتاز بصراحه ورحت مكتب خدمه العملاء فرع القطيف المزيد,positive
خدمه سيءه جدااااا عشره ايام عندي عطل بالنت وكلمت عملت طلب ولا احد كلم عشان التصليح من اسوا التعامل والاداره,negative
بعض الموظفين يكلموك من خشمهم ولا يفهموا في شغلهم لان كل الاسءله الي سالته مالقيت جوابه عندهم ومايعطوا تفاصيل كفايه كنت ابغا اسدد مديونيه يسالني كم ولما قلت له حق ويش قال فاتوره هههه وبعدها اتصلوا يقولوا ماسددت هل كيف وش هالشغل التلفيق,negative
شركه زين للاتصالات ممتازه جدا جدا جدا ولا انصح في فرع القطيف معاملتهم جدا سيءه عندكم فرع الخبر وفرع الظهران تعاملهم جدا جدا ممتازه وعندهم في التطبيق زين موبايل عروضات ممتازه علي الاجهزه الالكترونيات المزيد,neutral
غوغل يسالني مارايك ب زين بصراحه شركه زين لها مني كل الشكر والاحترام بدون اي مجامله والفضل كله يعود علي الموظفين لحسن تعاملهم مع العملاء اما بين قوصين لما اروحلهم احس رايح الشرطه صدق,positive
لا يتوفر مودم انترنت ولا علم بموعد التوفر,neutral
نصبوا عليي بمودم ريال وكان الاتفاق فاتوره شهري ريال فجتني اول فاتوره ورفضت ادفع ولما زرت محل زين ابغي الغيه قال ماتنلغي عندنا وبعد فتره من عدم الاستخدام جتني فاتوره الفين وخمسميه واشوي وانصدمت وراجعتهم قالوا اجباري تدفع ولما المزيد,negative
طلبت تبديل الباقه قال الموظف عن طريق مركز الاتصال طلبت تفعيل خدمه التجوال قال كلم مركز الاتصال قلت طيب وقف رقم مءقت قال كلم الاتصال موظفين اثنين فقط و لا يوجد عملاء والموظف ماله مزاج يعمل,neutral
فرع مكتب لشركه زين للاتصالات شركه الاتصالات المتنقله السعوديه ربما الفرع الوحيد في محافظه القطيف يعمل من الصباح حتي قبيل منتصف الليل يدار بكوادر وطنيه علي استعداد لتلبيه احتياجك والابتسامه علي وجوههم ربما الفرع بحاجه الي توفير مواقف اضافيه وبالخصوص في الفتره المساءيه,neutral
شركه زين السعوديه للاتصالات من اروع شركات الاتصالات سواء علي مستوي الخدمات ام علي مستوي العروض التي لديهم المزيد,positive
اسوا شركه اتصالات كلها دعايات كاذبه من قبل اشتريت مودم لا يعمل في مدينتي وجاء عمال لتركيب الفايبر ولم يخبروني ان العقد لسنه ولم يخبروني بكيفيه الدخول للحساب في موقعهم لا يظهر اي علاقه لرقمي معهم وعندما اردت الغاءه لم اتمكن لاربعه اشهر من المزيد,negative
هذا الفرع داءما اتوجه له في حل اي مشكله تتعلق بخدمات الاتصال والانترنت لانه وبكل بساطه يحوي طاقم من الموظفين المحترمين الذين يقدمون لك الخدمه بكل تواضع وابتسامه حتي وان طال الوقت معه,positive
المكان جيد تعامل الموظفين كويس ولكن اغلب الاوقات لا يوجد مواقف للسيارات لا يوجد بهذا الفرع اجهزه فقط نوع او نوعيين منها,neutral
فرع القطيف اسوء فرع ممكن تتعامل معاه روح اي فرع اخر احسن لك ولو بعيد موظفين فرع القطيف يحسسك انك شحات وهوه بيتصدق عليك وكانه من كبار موظفين زين التنفيذيين وهوه بياع لا طلع ولا نزل,negative
بشكل عام خدمه ممتاز وتعامل لاءق وجميل من العاملين مكان انيق مده الانتظار في المرات الي زرتهم مقبوله جدا وخدمات ممتازه,positive
خدمات متكامله وسريعه موظفون مقتدرون بخدمه العملاء بشكل جيد وافاده بجميع الباقات المتاحه,neutral
لا يعطونك جوال في حال عندك مشكله في سما وهذي تعتبر مشكله كشركه انت لك علاقه بسداد فواتيري لديك مثال الاتصالات من الافضل لا يهم لديك مشكله او لا مادام ملتزم بالسداد لا مشكله لديهم,neutral
عدم المام الموظفين عن الخدمات فرع يقول لك يمين وفرع يقول لك يسار وعند الاتصال بالمركز يعطيك اتجاه الرجوع الي الخلف حتي في الفرع الواحد كل موظف له فكره وفي النهايه انت المتضرر من هذه الخدمات,neutral
مكتب اتصالات اشتراكات شراءح اتصال وبيانات خدماته سريعه وهذا المكان فرع من شبكه فروع في المملكه تحتاج الي بطاقه تعريفيه سواء الهويه الوطنيه للسعودين واقامه او جواز ساري المفعول للمقيمين,neutral
بصراحه الله يوفقه الموظف خدمني بشكل سلس ومريح وحل كل اموري الله يجزاه خير,positive
للاسف دفعت مبلغ ريال ونص كان مجمد عندي مما اثر علي تقيمي الاءتماني في سما والله اعلم من وين جا ده البلغ وصار لي شهر اراكض وراهم عشان يشيلوني من سما ولاكن لاحياه لمن تنادي,negative
الموظفين في قمت الاخلق بارك الله فيهم علي حسن الخلق وي التعامل,positive
سيءه فرع القطيف,negative
شريه عرض شبكه مفتوحه مع راوتر جيت باشغل الشبكه تفاجات مافي تغطيه في منطقتي مع انه في الخريطه محطوط في تغطيه المزيد,neutral
خدمه سيءه في الفرع وتاخير وعدم احترام الارقام الموظفه تمشي الارقام و العميل لسي ماوصل للخدمه,negative
ماعندهم حل لاي مشكله,negative
تعامل راقي من موظف الاستقبال في فرع القطيف,positive
المكان مرتب وتقريبا غير مزدحم,positive
خدمه ممتازه بس لو سمحتو ممكن يكون في سرعه في العمل تكفون,neutral
رغم صغر المحل ورغم وجود موظف واحد فقط وقت حضوري له ولكن كانت المعامله جدا راءعه وراقيه من الموظف المتواجد,positive
جيد لا باس به صغير المكان ولكن يمشي عمل,positive
الخدمه هناك طيبه ولديهم عروض,positive
ما يستاهل ولا نجمه ولا انصح بالتعامل مع شركه زين من الاساس,negative
خدمه متدنيه انتظرت دقيقه موظفين اثنين ماخلصو واحد ومخلين الناس تنتظر,negative
مكان يخدم المناطق المحيطه به وكذالك الماره والموظفين تعاملهم جدا وراقي يبادرون بخدمه الزاءر الكريم,positive
اسوء شركه اتصالات في العالم,negative
مع اني حلت مشكلتي ولكن المعامله ليست علي ما يرام,negative
خدمه سريعه وترتيب ممتاز,positive
رقم الجوال الظاهر في جوجل ماب الخاص لشركه زين غير صحيح اتصلت عليه طلع الي واحد,neutral
جيد جدا كل الاماكن,positive
النت سيء,negative
خدمه سريعه,positive
خدمه ممتازه,positive
العروض قليله,negative
تجربه جيده,positive
تعامل راقي,positive
حلو,positive
انني اقدر حقا الموظفين في وقت الزياره فقد كانوا يقدمون خدمه جيده للعملاء الذين يتسوقون دون الاستفاده من الاجهزه المحموله للاستكشاف والعرض قبل الشراء,positive
خدمه عملاء جيده جدا,positive
اسوا شركه اتصالات,negative
خدمه جيده,positive
الكلام الرجال الراقي و المريح النفس,positive
المقبول,negative
اسوا نت في العالم تواصلت معكم ولا انحلت المشكله,negative
فصل باقتك تم ويارب فرحه تسر الخاطر,positive
قدر الله علي و اشتركت معاكم انترنت المنزلي لان ما عندنا بالمنطقه الياف النت بطيء جدا جدا و خدمه العملاء عندكم اسوا حاجه لا التطبيق و لا التلفون ولا الوتسب تعالوا خذوا الجهاز حقكم و الغوا الاشتراك حتي الشكوي ما يقبلها التطبيق و الوتس رافض يتابعها غير ان اشتراك شاهد المجاني مو جاي يتفعل منكم من اول ما اشتركت يعني من حول سنتين,negative
نظرتنا السوداء لن تتغير دامكم تقدمون اسواء الخدمات للنت المنزلي,negative
يا شركه زين المحترمين ما هي معقوله عشان الغي باقه الطلبه المبتعثين احتاج ايام عشان اعرف طريقه الغاءها ولا هي معقوله اتصل علي وانتظر لاكثر من دقايق وفي الاخير يقول ارسل غ تجوال وفي الاخير غلط ولا يتم اي شي ارجو المساعده وشكرا,negative
مساء الخير حاب اسال عن جهاز جوالي هل انتهت الاقصاد,neutral
الشيكه اليوم تفصل كل شوي من جي الي ايدج ويفصل النت وش المشكله الخبر حي الثقبه,neutral
رساءلكم بالخاص ليش ماتردون علي العام علي العموم وعود وابشر وللاسف كاذبه وليس هناك الا كلمه ابشر ومالك الا طيبه الخاطر وعود فقط ولايوجد حل للشكوي المقدمه تاخذون رسوم دون خدمه,negative
اعلانات مخالفه للواقع مشتركين معهم ونحن في معاناه بطء شديد وسرعه ضعيفه لايحمل اي متصفح وخدمه عملاء لايوجد غير جهاز رد الي,negative
اي رفاهيه تتكلم عنها وسرعه السلحفاه اسرع من نتكم قالوا ايش قالوا الجيل الخامس وبوسط المدينه وللاسف تقطيع وانفصال متكرر ولايفتح اي روابط او قوقل او متصفح شي يءسف له للان تقريبا اكثر من شهر وحنا بمعاناه لاتغركم الدعايات,negative
شكرا لهذه الخدمه اتواصل بكل الطرق واخر الرد نعتذر هناك خلل وسوف يتواصل معاك احد مندوبينا لا المندوب اتصل والا المشكله انحلت وانا ادفع الفواتير ابي حل يا شركه زين,negative
من اكتوبر والنت تعبان اول شهرين كان صاروخ بعدين معاناه وياهم وكل ما افتح تذكره يصكونها بدون تصليح طبعا ع اساس السرعه الي ميقا حسبي الله عليكم,negative
اكيد بلا شك صباحي زين,positive
والله العظيم عليكم شبكه اسوء منها مافي شوفو لكم حل,negative
ممكن تعلموني الفرق بين و,neutral
وصلني من شركه جاءزه رقم الذهاب لكاس العالم هل هذا صحيح,neutral
السلام عليكم ورحمه الله وبركاته مساء الخير فيه جواءز من قبلكم لكاس العالم تذاكر ذهاب واياب وتذكره دخول الي الملعب,neutral
انا عميل عند زين من زين كانت داءما حلوه بعروضها لاكن اخر سنوات التغطيه حقتهم سيءه جدا جدا و سرعته ماتبرد القلب خصوصا ان ابراج زين تتحمل مشتركين زين ورد بول و ياقوت وفيرجن وسلام فالضغغط واجد فوق الاستطاعه,negative
عندي راوتر زين من امس مو راضي يعطيني او وش المشكله ارجو الحل,neutral
كيف اطلب شريحه,neutral
ماهي طريقه نقل ملكيه خط الهاتف,neutral
من الردود السلبيه تم الالغاء,negative
باقتك نصب واحتيال حياك عندنا,negative
تم فتح بلاغ لدي زين بتدني مستوي الخدمه بتاريخ وتصعيد الطلب لعدم حل المشكله لدي هيءه الاتصالات بتاريخ ولغايه الان الخدمه متدنيه ولا يوجد حل او تجاوب للمشكله,neutral
اي تلفون المهم يلصح حالي,negative
نبي شبكه الله لا يوفقكم دفع فواتير علي الفاضي حسبي الله ونعم الوكيل فيكم,negative
زين يازين,positive
يازينك يازين,positive
اوسخ شبكه في المملكه,negative
كيف اقدر الغي خدمه الفايبر,neutral
عالم سء من زين لا يوجد انتر نت ولا اتصال رجعتونا الي العصر الحجري والله مصيبه اي عالم انتم,negative
لا تصدقووووون اي شي تعلن عنه هذي الشركه والله ما عندنا نت في مدينه الخبر يا عالم معد احد يستخدمها الا سركه زين,negative
بالله هذي شبكه في وسط الخبر والله حرام الفلوس الي ندفعها,negative
شبكه فاشله بكل المقاييس حتي تطبيقهم ما يفتح من النت الضعيف والله مصيبه,negative
الي متي يا شركه زين هذا اتصال النت والله تعبنا منكم,negative
تذكير بعالم النصب والاحتيال,negative
عالم من الاعلانات الوهميه,negative
يا وزيرنا هيءه الاتصالات الله يسعدك في الدنيا والاخره تشوف لنا حل,positive
رجعنا الي بدايه الانتر نت الخبر,negative
هل هذي شبكه يا عالم من التحتيال,neutral
بالله هذي سرعه يا زين والله حرام تاكلون اموال العالم بالباطل,negative
عالم من الضحك والخداع والاحتيال,negative
زين عالم من الكذب المتواصل الا منتهي علي العملاء,negative
هذي شبكتكم في الخبر كيف بتصير في لندن ضحك علي العملاء واعلانات كذابه,negative
هذي شبكتم يا زين وتبغون الناس تشترك,negative
عالم من الخداع لا تنجرو خلف الاعلانات الوهميه النت صفر والشلكه صفر والفواتير دبل,negative
الخريطه الحقيقه ما هو الحل يا شركه زين ويا هءيه الاتصالات لما اكثر من شهر ولم يتم حل المشكله نستكي علي مين,negative
عالم من التعاسه والاكتاب,negative
والله من عدم المصداقيه في خدماتكم حي بالكامل مقطوع من الظهر الي الان مساء ولا تجاوب ولا رد ولا توضيح وهيءه الاتصالات لا تحاسبكم علي هذا التقصير حي الامواج العزيزيه الخبر الشبكه صفر للاسف وهمكم ادفع وادفع وخدمتكم لا تستحق ريال واحد للاسف,negative
بعد انتهاء العقد لمده سنتين ولازال الشبكه جدا جدا ضعيفه وحرصهم علي اشتراك اكبر عدد بدون تعديل الشبكه واذا رفعت شكوي لهيءه الاتصالات مده يومين ترتفع السرعه ونرجع من جديد نفس السوء والضعف وهيءه الاتصالات نايمه مدري متي تجبرهم علي مراعات مشتركينهم والله لا اتصال ولاشبكه عدله,negative
باقه شباب مافي باقات غيرها,negative
ليت وزير الاتصالات يدري عن السوء الي عندكم من نتكم وبنقكم بالالعاب وتغطيتكم السيءه وانقطاع الانترنت بساعات بدون سابق انذار او معرفه السبب ويعرف عن السوء الي موجود بخدمه العملاء لان ماعندهم اي فكره او حلول حق العميل ماغير تسليك بدون اي فايده او حل مشكله العميل,negative
السلام عليكم كيف اشحن خطي من الياقوت وانا خارج السعوديه,neutral
ياريت تحطوا برج بشارع عمر قريب من الشرطه الشماليه بريده القصيم الاشاره ضعيفه جدا النت داءم الانقطاع مع ان الموقع قريب من العثيم موقع مهم قريب من وزاره التجاره والبريد وغيره,neutral
سرعه عاليه ميجا ال زين,positive
شبكتكم ضعيفه ومنقطعه باغلب طرق السفر بين المدن صراحه يبيلكم سنه ضوءيه حتي تكون تغطيه الشبكه منتشره بالمملكه وتغيير المسءولين عن الشبكات لان شغلهم ضعيف ولا يغطي المملكه حتي بالمدن الرءيسيه ضعيف,negative
اسوء خدمه شفتها منكم وانا طالب شريحه عن طريق التطبيق والشريحه ما تتفعل معايا,negative
مشترك في النت مفتوح امس كان ممتاز اليوم سي جدا ماتهنيت فيه,neutral
طريقه الاشتراك,neutral
ياخي لي ساعه ابي اجدد قبل موعد انتهي الباقه لان خلص القيقا مو راضي ابي حل بدفع لكم اشتراك شهر جديد,neutral
لو سمحت ممكن تردون شبكه البيت ماصار لها شهر بس يوم والحين مرسلين لي تبون اسدد الفاتوره خير ان شاء الله ترا ماصارت ولا اول مره تصير رجاء شوف لكم حل,negative
السلام عليكم كيف احول الشريحه الي فايف جي هل فيها رسوم ام لا,neutral
ليتكم تطورون التطبيق كتطبيق وبرنامج ولاء مميز كبرنامج,positive
التذكره ايش صار عليها محد فيكم تكرم تواصل معي يوجدرقمهاتف شوفو لي حل تعطلت وعطلتوني ولا خدمه عملاء صاحيه حل لي المشكله,neutral
قويه,positive
انترنت لا محدود سرعه ميقا زين السعوديه,positive
سرعه عاليه ميجا ال زين يارب وماخاب من قال يارب,positive
كيف اشترك فيها لان ما تطلع لي بالتطبيق الا اذا باخذ رقم جديد واذا فيه رمز تفعيل لها ارسله عن طريق الرساءل,neutral